{"accuracy": 0.9883040935672515, "precision": 1.0, "recall": 0.9682539682539683, "f1": 0.9838709677419354}