{"accuracy": 0.9649122807017544, "precision": 0.9830508474576272, "recall": 0.9206349206349206, "f1": 0.9508196721311476}