{"accuracy": 0.9415204678362573, "precision": 0.8955223880597015, "recall": 0.9523809523809523, "f1": 0.923076923076923}